Geneid,Chr,Start,End,Strand,Length,1,2,3,4,5,6,7,8,9,10,11,12,13,14,15,16,17,18,19,20,21,22,23,24,25,26,27,28,29,30
Xkr4,chr1;chr1;chr1,3214482;3421702;3670552,3216968;3421901;3671498,-;-;-,3634,0,0,1,4,1,3,1,0,0,1,0,3,0,0,0,0,1,1,1,0,2,0,0,0,1,0,0,0,0,0
Rp1,chr1;chr1;chr1;chr1;chr1;chr1;chr1;chr1,4290846;4343507;4351910;4351910;4352202;4352202;4360200;4409170,4293012;4350091;4352081;4352081;4352837;4352837;4360314;4409241,-;-;-;-;-;-;-;-,9747,0,0,0,0,0,0,0,0,0,0,0,0,0,0,0,0,0,0,0,0,0,0,0,0,0,0,1,0,0,0
Sox17,chr1;chr1;chr1;chr1;chr1;chr1;chr1;chr1;chr1;chr1;chr1;chr1;chr1;chr1;chr1;chr1;chr1;chr1;chr1;chr1,4490928;4490928;4490928;4490928;4490928;4493100;4493100;4493772;4493772;4493772;4493772;4493772;4495136;4495136;4495136;4496291;4496291;4496291;4496291;4496291,4492668;4492668;4492668;4492668;4492668;4493466;4493490;4493863;4493863;4493863;4493863;4493863;4495198;4495942;4495942;4497354;4497354;4497354;4497354;4497354,-;-;-;-;-;-;-;-;-;-;-;-;-;-;-;-;-;-;-;-,4095,0,0,2,0,0,0,1,0,1,0,1,2,2,1,0,2,4,6,0,0,0,0,1,0,0,0,3,5,0,0
Mrpl15,chr1;chr1;chr1;chr1;chr1;chr1;chr1;chr1;chr1;chr1;chr1;chr1;chr1;chr1,4773200;4773200;4773200;4777525;4777525;4777525;4782568;4782568;4782568;4783951;4783951;4785573;4785573;4785573,4774516;4774516;4776801;4777648;4777648;4777648;4782733;4782733;4782733;4784105;4784105;4785726;4785726;4785726,-;-;-;-;-;-;-;-;-;-;-;-;-;-,4201,802,753,823,651,592,654,942,856,883,1031,1117,891,1199,1060,958,1037,917,1008,1192,1000,1070,1353,951,1003,1140,889,1628,1202,918,1120
Lypla1,chr1;chr1;chr1;chr1;chr1;chr1;chr1;chr1;chr1,4807893;4808455;4828584;4830268;4832311;4837001;4839387;4840956;4844963,4807982;4808486;4828649;4830315;4832381;4837074;4839488;4841132;4846735,+;+;+;+;+;+;+;+;+,2433,2985,3344,3092,2649,2682,3036,2266,2124,2596,2494,2956,2169,3071,3107,2606,3029,2800,3203,3099,3384,3151,3734,2337,2685,2986,2573,5387,3313,3295,3384
Tcea1,chr1;chr1;chr1;chr1;chr1;chr1;chr1;chr1;chr1;chr1;chr1;chr1;chr1;chr1;chr1;chr1;chr1;chr1;chr1;chr1;chr1;chr1;chr1;chr1;chr1;chr1;chr1;chr1;chr1;chr1,4857694;4857694;4858328;4867470;4867470;4867470;4878027;4878027;4878027;4886744;4886744;4886744;4889457;4889457;4889460;4890740;4890740;4890740;4891915;4891915;4891915;4893417;4893417;4893417;4894934;4894934;4894934;4896356;4896356;4896356,4857976;4857976;4858503;4867532;4867532;4867532;4878132;4878132;4878132;4886831;4886831;4886831;4889602;4889602;4889602;4890796;4890796;4890796;4892069;4892069;4892069;4893563;4893563;4893563;4895005;4895005;4895005;4897909;4897909;4897909,+;+;+;+;+;+;+;+;+;+;+;+;+;+;+;+;+;+;+;+;+;+;+;+;+;+;+;+;+;+,2847,2003,1880,2073,1492,1688,1792,1291,1216,1551,1441,1437,1171,1736,1568,1463,1554,1548,1717,1716,1493,1886,1951,1406,1449,1535,1457,2667,1701,1774,1698
Rgs20,chr1;chr1;chr1;chr1;chr1;chr1;chr1;chr1;chr1;chr1;chr1;chr1;chr1;chr1;chr1;chr1,4909576;4909576;4909576;4912314;4912314;4912314;4916897;4916897;4916897;4923847;4923847;4923847;5018576;5019311;5020738;5070010,4910662;4910662;4910662;4912548;4912548;4912548;4916980;4916980;4916980;4923989;4923989;4923989;5018734;5019539;5021037;5070285,-;-;-;-;-;-;-;-;-;-;-;-;-;-;-;-,2513,820,800,933,690,782,689,720,646,809,772,1031,498,869,1000,765,1023,821,986,630,570,761,860,825,820,818,786,1056,881,783,1078
Atp6v1h,chr1;chr1;chr1;chr1;chr1;chr1;chr1;chr1;chr1;chr1;chr1;chr1;chr1;chr1,5083173;5084417;5089009;5093363;5095615;5098029;5101070;5117390;5124277;5133084;5135812;5143750;5149948;5162105,5083278;5084563;5089111;5093452;5095728;5098133;5101123;5117487;5124469;5133262;5135937;5143851;5150061;5162549,+;+;+;+;+;+;+;+;+;+;+;+;+;+,1976,3013,2827,3005,2344,2339,2374,2505,2083,2608,2659,3021,2057,2942,2925,2588,2850,2613,2776,3031,3024,2821,3708,2786,2829,2931,2482,4349,3090,2549,3033
Oprk1,chr1;chr1;chr1;chr1;chr1;chr1;chr1;chr1,5588493;5588493;5589005;5589035;5598590;5598590;5602252;5602252,5588663;5588663;5589305;5589305;5598942;5598942;5606133;5606133,+;+;+;+;+;+;+;+,4707,0,0,0,0,0,0,0,0,0,0,1,1,0,0,0,0,0,0,0,1,0,0,1,0,0,0,0,0,0,0
Npbwr1,chr1,5913707,5917398,-,3692,391,293,421,256,274,244,94,127,144,89,106,54,182,119,125,98,155,118,179,152,309,177,84,136,183,174,159,76,182,165
Rb1cc1,chr1;chr1;chr1;chr1;chr1;chr1;chr1;chr1;chr1;chr1;chr1;chr1;chr1;chr1;chr1;chr1;chr1;chr1;chr1;chr1;chr1;chr1;chr1;chr1,6214662;6227940;6229959;6233961;6234229;6238262;6239952;6244105;6244795;6245158;6245425;6245598;6247706;6248066;6248276;6260930;6262834;6263024;6264542;6265574;6268698;6270691;6272701;6274198,6214957;6228049;6230073;6234087;6234399;6238464;6240378;6244275;6244979;6245344;6245506;6245659;6247809;6248192;6250167;6261095;6262942;6263264;6264590;6265621;6268756;6270827;6272771;6276104,+;+;+;+;+;+;+;+;+;+;+;+;+;+;+;+;+;+;+;+;+;+;+;+,7046,5150,4805,5307,3572,3784,3844,2834,2410,3416,2570,3261,3393,3133,2655,3380,2833,3393,3273,4024,3609,4544,3637,3059,2771,3002,3231,3369,2388,3683,3434
Fam150a,chr1;chr1;chr1;chr1;chr1,6359331;6388573;6389440;6391040;6394270,6359514;6388626;6389520;6391116;6394731,+;+;+;+;+,858,4,2,7,8,4,5,4,6,5,1,3,2,3,3,3,1,7,3,5,3,6,4,0,3,1,2,4,0,2,2
St18,chr1;chr1;chr1;chr1;chr1;chr1;chr1;chr1;chr1;chr1;chr1;chr1;chr1;chr1;chr1;chr1;chr1;chr1;chr1;chr1;chr1;chr1;chr1;chr1;chr1;chr1;chr1;chr1;chr1;chr1;chr1;chr1;chr1;chr1;chr1;chr1;chr1;chr1;chr1;chr1;chr1;chr1;chr1;chr1;chr1;chr1;chr1;chr1;chr1;chr1;chr1;chr1;chr1;chr1;chr1;chr1;chr1;chr1;chr1;chr1;chr1;chr1;chr1;chr1;chr1;chr1;chr1;chr1;chr1;chr1;chr1;chr1;chr1;chr1;chr1;chr1;chr1;chr1;chr1;chr1;chr1;chr1;chr1;chr1;chr1;chr1;chr1;chr1;chr1;chr1;chr1;chr1;chr1;chr1;chr1;chr1;chr1;chr1;chr1;chr1;chr1;chr1;chr1;chr1;chr1;chr1;chr1;chr1;chr1;chr1;chr1;chr1;chr1;chr1;chr1;chr1,6487231;6487231;6487618;6487618;6730051;6730051;6730051;6737580;6737580;6752296;6752296;6752994;6752994;6752994;6752994;6752994;6768898;6768898;6768898;6768898;6768898;6770944;6770944;6770944;6770944;6770944;6795386;6795386;6795386;6795386;6795386;6802320;6802320;6802320;6802320;6802320;6807543;6807543;6807543;6807543;6807543;6809277;6809277;6809277;6809277;6809277;6810574;6810574;6810574;6810574;6810574;6817603;6817603;6817603;6817603;6817603;6819934;6819934;6819934;6819934;6819934;6827776;6827776;6827776;6827776;6827776;6833563;6833563;6833563;6833563;6833563;6842139;6842139;6842139;6842139;6842139;6842873;6842873;6842873;6842873;6842873;6844121;6844121;6844121;6844121;6844121;6844291;6844291;6844291;6844291;6844291;6845571;6845571;6845571;6845571;6845571;6848907;6848907;6848907;6848907;6848907;6855369;6855369;6855369;6855369;6855369;6857300;6857300;6857300;6857300;6857300;6858460;6858460;6858460;6858460;6858460,6487405;6487405;6487741;6487741;6730240;6730240;6730240;6737657;6737657;6752368;6752368;6753036;6753036;6753036;6753036;6753036;6768952;6768952;6768952;6768952;6768952;6770974;6770974;6770974;6770974;6770974;6795576;6795576;6795576;6795576;6795576;6803105;6803105;6803105;6803105;6803105;6807677;6807677;6807677;6807677;6807677;6809367;6809367;6809367;6809367;6809367;6810678;6810678;6810678;6810678;6810678;6817796;6817796;6817796;6817796;6817796;6820145;6820145;6820145;6820145;6820145;6828021;6828021;6828021;6828021;6828021;6833678;6833678;6833678;6833678;6833678;6842201;6842201;6842201;6842201;6842201;6842941;6842941;6842941;6842941;6842941;6844183;6844183;6844183;6844183;6844183;6844371;6844371;6844371;6844371;6844371;6845792;6845792;6845792;6845792;6845792;6848995;6848995;6848995;6848995;6848995;6855472;6855472;6855472;6855472;6855472;6857443;6857443;6857443;6857443;6857443;6860940;6860940;6860940;6860940;6860940,+;+;+;+;+;+;+;+;+;+;+;+;+;+;+;+;+;+;+;+;+;+;+;+;+;+;+;+;+;+;+;+;+;+;+;+;+;+;+;+;+;+;+;+;+;+;+;+;+;+;+;+;+;+;+;+;+;+;+;+;+;+;+;+;+;+;+;+;+;+;+;+;+;+;+;+;+;+;+;+;+;+;+;+;+;+;+;+;+;+;+;+;+;+;+;+;+;+;+;+;+;+;+;+;+;+;+;+;+;+;+;+;+;+;+;+,6161,4,2,1,2,0,2,9,2,5,2,3,11,12,6,5,8,3,8,0,3,5,7,7,4,7,0,11,6,4,6
Pcmtd1,chr1;chr1;chr1;chr1;chr1;chr1,7088920;7120194;7147637;7160892;7163248;7169515,7089216;7120615;7147739;7161063;7163371;7173628,+;+;+;+;+;+,5232,3775,3826,4257,3494,3893,3784,1945,1663,2374,1871,2242,1909,3032,2072,2368,2277,2366,2660,2337,1940,3140,2255,2028,1718,2055,2316,2778,1601,2517,2347
Sntg1,chr1;chr1;chr1;chr1;chr1;chr1;chr1;chr1;chr1;chr1;chr1;chr1;chr1;chr1;chr1;chr1;chr1;chr1;chr1;chr1;chr1;chr1;chr1;chr1;chr1;chr1;chr1;chr1;chr1;chr1;chr1;chr1;chr1;chr1;chr1;chr1;chr1;chr1;chr1;chr1;chr1;chr1;chr1;chr1;chr1;chr1;chr1;chr1;chr1;chr1;chr1;chr1;chr1;chr1;chr1;chr1;chr1;chr1;chr1;chr1;chr1;chr1;chr1;chr1;chr1;chr1;chr1;chr1;chr1;chr1;chr1;chr1;chr1;chr1;chr1;chr1;chr1;chr1;chr1;chr1,8359739;8359739;8359739;8359739;8414203;8414203;8414203;8414203;8445027;8445027;8445027;8445027;8447980;8447980;8447980;8447980;8463394;8463394;8463394;8463394;8465437;8465437;8465437;8465437;8554725;8554725;8554725;8554725;8583205;8583205;8583205;8583205;8595412;8595412;8595412;8607070;8607070;8607070;8624779;8624779;8624779;8624779;8677807;8677807;8677807;8677807;8677937;8677937;8677937;8677937;8679073;8679073;8679073;8679073;8681973;8681973;8681973;8681973;8782763;8782763;8782763;8782763;8803917;8803917;8803917;8803917;8882161;8882161;8999186;8999186;8999186;8999186;9203179;9203179;9203179;9203179;9298133;9298133;9298133;9298133,8363633;8363633;8363633;8363633;8414313;8414313;8414313;8414313;8445119;8445119;8445119;8445119;8448132;8448132;8448132;8448132;8463465;8463465;8463465;8463465;8465553;8465553;8465553;8465553;8554763;8554763;8554763;8554763;8583334;8583334;8583334;8583334;8595542;8595542;8595542;8607152;8607152;8607152;8624881;8624881;8624881;8624881;8677848;8677848;8677848;8677848;8677977;8677980;8677980;8677980;8679130;8679130;8679130;8679130;8682029;8682029;8682029;8682029;8782897;8782897;8782897;8782897;8803970;8803970;8803970;8803970;8882214;8882214;8999249;8999249;8999249;8999249;9203260;9203260;9203260;9203260;9299877;9299877;9299877;9299877,-;-;-;-;-;-;-;-;-;-;-;-;-;-;-;-;-;-;-;-;-;-;-;-;-;-;-;-;-;-;-;-;-;-;-;-;-;-;-;-;-;-;-;-;-;-;-;-;-;-;-;-;-;-;-;-;-;-;-;-;-;-;-;-;-;-;-;-;-;-;-;-;-;-;-;-;-;-;-;-,7262,1,0,0,0,0,1,2,0,0,0,0,8,0,0,0,0,1,0,0,1,1,1,3,0,0,0,0,0,0,0
Rrs1,chr1,9545408,9547455,+,2048,700,676,808,698,507,646,822,721,807,1005,1102,592,1065,1192,715,1076,942,1049,922,803,993,972,932,1101,967,852,1120,1060,983,1217
Adhfe1,chr1;chr1;chr1;chr1;chr1;chr1;chr1;chr1;chr1;chr1;chr1;chr1;chr1;chr1;chr1;chr1;chr1;chr1;chr1;chr1;chr1;chr1;chr1;chr1;chr1;chr1;chr1,9548046;9548046;9549907;9549907;9551717;9552923;9552923;9553318;9553318;9553623;9553623;9555538;9555538;9557000;9557000;9558133;9558133;9560109;9560109;9563509;9563509;9563797;9563797;9566781;9566781;9576191;9576191,9548151;9548151;9549944;9549944;9551757;9552976;9552976;9553472;9553472;9553819;9553819;9555615;9555615;9557105;9557105;9558285;9558285;9560207;9560207;9563587;9563587;9563893;9563893;9566938;9566938;9577968;9577968,+;+;+;+;+;+;+;+;+;+;+;+;+;+;+;+;+;+;+;+;+;+;+;+;+;+;+,3139,4,5,7,8,6,12,4,1,2,6,6,15,5,4,5,4,3,3,8,6,1,6,2,6,3,4,7,8,4,4
2610203C22Rik,chr1;chr1;chr1;chr1;chr1,9560833;9563823;9619550;9620955;9631061,9561778;9563871;9619639;9621082;9631092,-;-;-;-;-,1245,8,11,22,14,18,17,40,20,20,31,25,39,45,59,30,35,17,37,31,30,28,45,35,38,40,28,91,30,32,40
3110035E14Rik,chr1;chr1;chr1;chr1;chr1;chr1,9601267;9606974;9613312;9619836;9622593;9624713,9601650;9607029;9613474;9619897;9622684;9627142,+;+;+;+;+;+,3187,2,3,9,8,2,10,6,15,5,7,8,12,10,8,9,13,2,11,3,3,10,9,10,7,6,4,11,7,4,9
Mybl1,chr1;chr1;chr1;chr1;chr1;chr1;chr1;chr1;chr1;chr1;chr1;chr1;chr1;chr1;chr1;chr1;chr1;chr1;chr1;chr1;chr1;chr1;chr1;chr1;chr1;chr1;chr1;chr1;chr1;chr1;chr1,9667411;9667411;9671579;9672212;9672212;9672540;9672540;9673101;9673101;9673745;9673745;9675967;9675967;9678272;9678272;9681785;9681785;9683097;9683097;9685636;9685636;9687561;9687561;9690081;9690081;9692718;9692718;9693287;9693287;9699935;9699935,9670012;9670012;9671758;9672316;9672316;9672656;9672656;9673215;9673215;9673887;9673887;9676335;9676335;9678505;9678505;9681889;9681889;9683168;9683168;9685810;9685810;9687781;9687781;9690173;9690173;9692789;9692789;9693392;9693392;9700209;9700209,-;-;-;-;-;-;-;-;-;-;-;-;-;-;-;-;-;-;-;-;-;-;-;-;-;-;-;-;-;-;-,4984,104,131,144,158,99,112,123,74,66,98,74,103,71,61,61,132,53,119,91,83,94,92,80,88,67,62,149,70,162,96
Vcpip1,chr1;chr1;chr1,9718622;9736966;9745450,9725350;9737052;9748382,-;-;-,9749,741,714,728,705,566,648,532,574,615,628,611,521,715,672,557,690,635,670,673,620,816,697,606,611,597,652,881,634,789,793
1700034P13Rik,chr1;chr1;chr1;chr1,9747648;9752449;9770672;9770960,9748604;9752564;9770795;9771256,+;+;+;+,1494,1,1,0,1,2,1,1,3,0,0,2,0,2,1,2,0,2,1,1,0,1,2,0,1,1,0,3,0,1,2
Sgk3,chr1;chr1;chr1;chr1;chr1;chr1;chr1;chr1;chr1;chr1;chr1;chr1;chr1;chr1;chr1;chr1;chr1;chr1;chr1;chr1;chr1;chr1;chr1;chr1;chr1;chr1;chr1;chr1;chr1;chr1;chr1;chr1;chr1;chr1;chr1;chr1;chr1;chr1;chr1;chr1;chr1;chr1;chr1;chr1;chr1;chr1;chr1;chr1;chr1;chr1;chr1;chr1,9798130;9798130;9827013;9848281;9865131;9865131;9865131;9868383;9868383;9868383;9871630;9871630;9871630;9872258;9872258;9872258;9877166;9877166;9877166;9879026;9879026;9879026;9880332;9880332;9880332;9881578;9881578;9881578;9881760;9881760;9881760;9884407;9884407;9884407;9884625;9884625;9884625;9885667;9885667;9885667;9886047;9886047;9886047;9888870;9888870;9888870;9891361;9891361;9891361;9898720;9898720;9898720,9798246;9798246;9827119;9848385;9865348;9865348;9865348;9868466;9868466;9868466;9871702;9871702;9871702;9872333;9872333;9872333;9877253;9877253;9877253;9879075;9879075;9879075;9880389;9880389;9880389;9881661;9881661;9881661;9881891;9881891;9881891;9884519;9884519;9884519;9884661;9884661;9884661;9885753;9885753;9885753;9886142;9886142;9886142;9889025;9889025;9889025;9891450;9891450;9891450;9902568;9902568;9902568,+;+;+;+;+;+;+;+;+;+;+;+;+;+;+;+;+;+;+;+;+;+;+;+;+;+;+;+;+;+;+;+;+;+;+;+;+;+;+;+;+;+;+;+;+;+;+;+;+;+;+;+,5620,677,620,679,589,596,707,482,418,541,599,440,513,707,692,540,647,629,701,605,518,675,717,496,535,494,564,978,662,777,630
Mcmdc2,chr1;chr1;chr1;chr1;chr1;chr1;chr1;chr1;chr1;chr1;chr1;chr1;chr1;chr1;chr1,9908638;9911675;9911910;9912114;9915474;9916316;9916550;9919020;9920435;9924057;9930781;9932002;9933923;9936996;9940378,9908690;9911812;9912040;9912173;9915669;9916438;9916654;9919145;9920672;9924262;9930947;9932181;9934065;9937105;9940954,+;+;+;+;+;+;+;+;+;+;+;+;+;+;+,2553,2,3,1,3,0,1,3,1,0,2,1,12,2,2,2,0,1,1,1,1,1,1,5,2,3,1,4,0,2,0
Snhg6,chr1;chr1;chr1;chr1,9942025;9942323;9942610;9944020,9942155;9942391;9942717;9944118,-;-;-;-,407,289,261,260,252,235,261,428,198,199,254,302,621,278,245,276,224,200,275,307,416,286,301,408,252,234,189,439,191,194,160
Snord87,chr1,9942470,9942543,-,74,7,13,6,13,8,9,16,7,10,9,20,29,15,15,8,14,10,4,9,10,7,6,15,13,6,7,22,4,6,4
Tcf24,chr1;chr1,9960163;9967099,9963521;9967485,-;-,3746,30,17,23,10,18,12,14,3,12,10,4,1,5,3,6,4,3,1,6,9,4,8,0,8,6,9,9,3,6,3
Ppp1r42,chr1;chr1;chr1;chr1;chr1;chr1;chr1;chr1;chr1;chr1;chr1;chr1;chr1;chr1;chr1;chr1,9968622;9968622;9976587;9978816;9985592;9985592;9995146;9995146;9999401;9999401;9999971;9999971;10003235;10003235;10009072;10009072,9968931;9968931;9976746;9978947;9985709;9985709;9995262;9995277;9999539;9999539;10000137;10000137;10003453;10003453;10009136;10009136,-;-;-;-;-;-;-;-;-;-;-;-;-;-;-;-,1442,5,1,0,3,1,0,0,0,3,1,1,3,0,2,0,0,1,0,2,1,0,0,0,1,0,0,1,0,0,1
Cops5,chr1;chr1;chr1;chr1;chr1;chr1;chr1;chr1;chr1;chr1;chr1;chr1;chr1;chr1;chr1;chr1;chr1;chr1;chr1;chr1;chr1;chr1;chr1;chr1,10024600;10024600;10024600;10027103;10027103;10027103;10030599;10030599;10030599;10032339;10032339;10032339;10033258;10033258;10033258;10034008;10034008;10034008;10034929;10034929;10034929;10037662;10037670;10037919,10025063;10025063;10025063;10027251;10027251;10027251;10030710;10030710;10030710;10032424;10032424;10032424;10033323;10033323;10033323;10034136;10034136;10034136;10035163;10035163;10035163;10038159;10038159;10038159,-;-;-;-;-;-;-;-;-;-;-;-;-;-;-;-;-;-;-;-;-;-;-;-,1739,2212,2068,2138,1802,1815,1963,1774,1533,1960,2072,1874,1326,2326,2331,2055,2187,1802,2148,2097,1857,1924,2339,1778,2069,2233,1955,3390,2325,2074,2353
Cspp1,chr1;chr1;chr1;chr1;chr1;chr1;chr1;chr1;chr1;chr1;chr1;chr1;chr1;chr1;chr1;chr1;chr1;chr1;chr1;chr1;chr1;chr1;chr1;chr1;chr1;chr1;chr1;chr1;chr1;chr1,10038218;10045076;10047424;10058720;10064333;10065323;10066426;10074860;10077172;10082253;10083501;10085747;10088051;10088882;10090188;10095866;10104212;10108369;10112393;10112876;10113603;10116018;10116614;10126340;10127423;10129986;10132454;10133164;10134092;10135934,10038344;10045184;10047526;10058823;10064413;10065421;10066820;10074946;10077242;10082346;10083558;10085952;10088184;10088960;10090317;10096013;10104364;10108481;10112542;10113022;10113707;10116084;10116731;10126479;10127563;10130032;10132517;10133273;10134230;10136768,+;+;+;+;+;+;+;+;+;+;+;+;+;+;+;+;+;+;+;+;+;+;+;+;+;+;+;+;+;+,4354,485,414,434,430,376,385,516,262,273,309,267,582,340,272,342,342,285,329,318,343,458,274,342,273,278,249,419,260,344,254
Arfgef1,chr1;chr1;chr1;chr1;chr1;chr1;chr1;chr1;chr1;chr1;chr1;chr1;chr1;chr1;chr1;chr1;chr1;chr1;chr1;chr1;chr1;chr1;chr1;chr1;chr1;chr1;chr1;chr1;chr1;chr1;chr1;chr1;chr1;chr1;chr1;chr1;chr1;chr1,10137507;10140467;10141559;10142576;10144718;10147403;10151801;10153386;10153607;10154281;10156914;10157900;10159568;10159877;10160701;10160963;10163697;10172834;10173194;10174067;10179826;10180870;10183663;10183976;10184386;10188757;10189227;10189439;10194257;10198843;10199729;10204808;10209425;10213044;10214125;10215837;10216529;10232371,10138996;10140584;10141697;10142744;10144857;10147535;10151873;10153524;10153742;10154410;10157044;10158060;10159740;10160028;10160870;10161003;10163787;10172984;10173352;10174195;10179977;10181041;10183747;10184181;10184497;10188958;10189335;10189678;10194491;10198976;10199904;10204909;10209701;10213223;10214271;10215993;10216559;10232670,-;-;-;-;-;-;-;-;-;-;-;-;-;-;-;-;-;-;-;-;-;-;-;-;-;-;-;-;-;-;-;-;-;-;-;-;-;-,7042,2668,2613,2997,2345,2343,2578,2500,2149,2837,2724,3085,2437,3259,2977,2672,3277,2830,3183,2472,2229,3030,3019,3052,2762,2949,2981,3467,2683,3386,4015
Cpa6,chr1;chr1;chr1;chr1;chr1;chr1;chr1;chr1;chr1;chr1;chr1;chr1;chr1;chr1;chr1;chr1;chr1;chr1;chr1;chr1;chr1,10324719;10324719;10329473;10329473;10337267;10337267;10408269;10408269;10409257;10409257;10477025;10477025;10481014;10481014;10483949;10483949;10488825;10595620;10595620;10719612;10719612,10325311;10325311;10329557;10329557;10337469;10337469;10408359;10408359;10409367;10409367;10477129;10477129;10481115;10481115;10484063;10484063;10488949;10595695;10595695;10719945;10719945,-;-;-;-;-;-;-;-;-;-;-;-;-;-;-;-;-;-;-;-;-,1940,0,0,0,1,0,1,0,0,0,0,0,1,0,0,0,0,1,1,0,1,0,0,0,0,1,1,0,0,0,1
Mir467e,chr1;chr1;chr1;chr1,10708387;10714388;10865838;10865864,10708415;10714396;10865843;10865874,-;-;-;-,55,0,0,0,0,0,0,0,0,0,0,0,0,0,0,0,0,0,0,0,0,0,0,0,0,0,0,0,0,0,0
Prex2,chr1;chr1;chr1;chr1;chr1;chr1;chr1;chr1;chr1;chr1;chr1;chr1;chr1;chr1;chr1;chr1;chr1;chr1;chr1;chr1;chr1;chr1;chr1;chr1;chr1;chr1;chr1;chr1;chr1;chr1;chr1;chr1;chr1;chr1;chr1;chr1;chr1;chr1;chr1;chr1;chr1;chr1;chr1;chr1;chr1;chr1,10993465;11061326;11065794;11068011;11080023;11089717;11098463;11101064;11107603;11110282;11112743;11123121;11123814;11132338;11136765;11139956;11140236;11142649;11149810;11153543;11156241;11160096;11162240;11169853;11170584;11181855;11184446;11185130;11185887;11186637;11193513;11199835;11204066;11208512;11231682;11263963;11265679;11265679;11265969;11265969;11285057;11285057;11289253;11289253;11297708;11297708,10993909;11061397;11065916;11068115;11080124;11089878;11098596;11101167;11107752;11110426;11112843;11123224;11123863;11132413;11136837;11140098;11140328;11142797;11149895;11153679;11156358;11160280;11162401;11170075;11170791;11182034;11184540;11185212;11185977;11186765;11193554;11200052;11204168;11208655;11231796;11264095;11265745;11265745;11266159;11266159;11285159;11285159;11289320;11289320;11303682;11303682,+;+;+;+;+;+;+;+;+;+;+;+;+;+;+;+;+;+;+;+;+;+;+;+;+;+;+;+;+;+;+;+;+;+;+;+;+;+;+;+;+;+;+;+;+;+,11187,5,9,5,3,7,3,7,2,3,0,2,17,4,4,2,4,4,6,5,7,4,6,1,3,1,0,3,6,3,1
A830018L16Rik,chr1;chr1;chr1;chr1;chr1;chr1;chr1;chr1;chr1;chr1;chr1;chr1;chr1;chr1;chr1;chr1;chr1;chr1;chr1;chr1;chr1;chr1;chr1;chr1;chr1;chr1;chr1;chr1;chr1;chr1;chr1;chr1;chr1;chr1;chr1;chr1;chr1;chr1;chr1;chr1;chr1;chr1;chr1,11414105;11414105;11414105;11414105;11511918;11511918;11511918;11511918;11518578;11518578;11518578;11518578;11545154;11545154;11545154;11545154;11562963;11562963;11562963;11562963;11588374;11588374;11588374;11588374;11596151;11596151;11596151;11596151;11596965;11747965;11747965;11798481;11798481;11829815;11829815;11933544;11933544;11950963;11950963;11972046;11972046;11974923;11974923,11414637;11414637;11414637;11414637;11512065;11512065;11512065;11512065;11518709;11518709;11518709;11518709;11545282;11545282;11545282;11545282;11562991;11562991;11562991;11562991;11588546;11588546;11588546;11588546;11596317;11596317;11596317;11601821;11601821;11748091;11748100;11798566;11798566;11829891;11829891;11933591;11933591;11951056;11951056;11972102;11972102;11975902;11975902,+;+;+;+;+;+;+;+;+;+;+;+;+;+;+;+;+;+;+;+;+;+;+;+;+;+;+;+;+;+;+;+;+;+;+;+;+;+;+;+;+;+;+,8293,0,3,0,1,0,1,2,0,0,0,0,3,0,1,0,0,0,0,0,2,1,0,1,1,1,1,1,0,1,0
Mir6341,chr1,12425986,12426106,+,121,0,0,0,0,0,1,0,0,0,0,0,1,0,0,0,0,0,0,0,0,0,0,0,0,0,0,0,0,0,0
Gm17644,chr1;chr1;chr1,12667563;12671316;12671461,12669092;12671355;12673090,+;+;+,3200,0,0,0,0,0,0,0,0,0,0,1,1,0,0,0,0,0,0,0,0,1,0,1,0,0,0,0,0,0,0
Sulf1,chr1;chr1;chr1;chr1;chr1;chr1;chr1;chr1;chr1;chr1;chr1;chr1;chr1;chr1;chr1;chr1;chr1;chr1;chr1;chr1;chr1;chr1;chr1;chr1;chr1;chr1;chr1;chr1;chr1;chr1;chr1;chr1;chr1;chr1;chr1;chr1;chr1;chr1;chr1;chr1;chr1;chr1;chr1;chr1;chr1;chr1;chr1;chr1;chr1;chr1;chr1;chr1;chr1;chr1;chr1;chr1;chr1;chr1;chr1;chr1;chr1;chr1;chr1;chr1;chr1,12692430;12692430;12718545;12728594;12728594;12786079;12786079;12786079;12786468;12786468;12786468;12796766;12796766;12796766;12805180;12805180;12805180;12807854;12807854;12807854;12817338;12817338;12817338;12818378;12818378;12818378;12820401;12820401;12820401;12820795;12820795;12820795;12821970;12821970;12821970;12836113;12836113;12836113;12838359;12838359;12838359;12839829;12839829;12839829;12840403;12840403;12840403;12841443;12841443;12841443;12842649;12842649;12842649;12848095;12848095;12848095;12848331;12848331;12848331;12850760;12850760;12850760;12858812;12858812;12858812,12692684;12692684;12718783;12728688;12728688;12786151;12786151;12786151;12786698;12786698;12786698;12797005;12797005;12797005;12805331;12805331;12805331;12808023;12808023;12808023;12817488;12817488;12817488;12818553;12818553;12818553;12820529;12820529;12820529;12820851;12820851;12820851;12822099;12822099;12822099;12836329;12836329;12836329;12838611;12838611;12838611;12839925;12839925;12839925;12840497;12840497;12840497;12841508;12841508;12841508;12842824;12842824;12842824;12848237;12848237;12848237;12848454;12848454;12848454;12850793;12850793;12850793;12860372;12860372;12860372,+;+;+;+;+;+;+;+;+;+;+;+;+;+;+;+;+;+;+;+;+;+;+;+;+;+;+;+;+;+;+;+;+;+;+;+;+;+;+;+;+;+;+;+;+;+;+;+;+;+;+;+;+;+;+;+;+;+;+;+;+;+;+;+;+,4864,31,28,28,69,24,35,22,19,26,20,17,20,17,31,17,16,13,15,25,19,18,49,13,18,28,14,14,17,11,16
Slco5a1,chr1;chr1;chr1;chr1;chr1;chr1;chr1;chr1;chr1,12866550;12876310;12879138;12881293;12894427;12921038;12938989;12943980;12989580,12872328;12876374;12879379;12881452;12894625;12921202;12939200;12944112;12991135,-;-;-;-;-;-;-;-;-,8511,29,27,53,6,8,15,6,2,5,6,2,3,3,3,2,5,0,0,5,5,17,2,6,5,1,3,3,4,5,1
Prdm14,chr1;chr1;chr1;chr1;chr1;chr1;chr1;chr1,13113428;13115780;13118763;13122361;13124363;13124619;13125166;13127110,13114487;13115881;13118965;13122631;13124520;13124672;13125856;13127163,-;-;-;-;-;-;-;-,2593,1,0,2,0,1,0,5,0,0,0,0,14,0,0,1,1,0,0,1,5,0,0,1,0,0,0,1,0,0,0
Ncoa2,chr1;chr1;chr1;chr1;chr1;chr1;chr1;chr1;chr1;chr1;chr1;chr1;chr1;chr1;chr1;chr1;chr1;chr1;chr1;chr1;chr1;chr1;chr1;chr1;chr1;chr1;chr1;chr1;chr1;chr1;chr1;chr1;chr1;chr1;chr1;chr1;chr1;chr1;chr1;chr1;chr1;chr1;chr1;chr1;chr1,13139105;13139105;13146875;13146875;13148317;13148317;13148931;13148931;13150690;13150690;13152379;13152379;13152797;13152797;13156370;13156370;13160161;13160161;13162073;13162073;13164896;13166896;13166896;13174079;13174079;13177074;13177074;13180481;13180481;13181216;13181216;13184175;13184175;13186733;13186733;13190087;13190087;13221307;13221307;13224609;13224609;13285969;13285969;13372183;13373938,13142772;13142772;13146964;13146964;13148515;13148515;13149108;13149108;13150918;13150918;13152456;13152456;13153075;13153075;13156535;13156535;13160290;13160290;13162288;13162288;13165102;13167106;13167106;13175348;13175348;13177221;13177221;13180624;13180624;13181317;13181317;13184363;13184363;13186910;13186910;13190190;13190190;13221479;13221479;13224713;13224713;13286025;13286025;13372429;13374083,-;-;-;-;-;-;-;-;-;-;-;-;-;-;-;-;-;-;-;-;-;-;-;-;-;-;-;-;-;-;-;-;-;-;-;-;-;-;-;-;-;-;-;-;-,8514,1971,2052,2287,1888,2039,2263,1941,1632,1829,1843,2051,2141,2126,2312,2058,1884,1867,1957,1840,1660,2081,2065,2065,1700,2053,2117,2386,1550,2050,2384
Tram1,chr1;chr1;chr1;chr1;chr1;chr1;chr1;chr1;chr1;chr1;chr1,13564693;13569471;13569939;13571803;13572004;13576368;13578100;13579450;13579690;13581023;13589600,13566396;13569631;13570082;13571907;13572074;13576452;13578158;13579566;13579811;13581086;13589910,-;-;-;-;-;-;-;-;-;-;-,2943,1973,1557,1717,1555,1315,1538,1861,1524,2414,2467,1948,1762,2414,2219,1703,2655,1689,2115,1851,1739,2096,2775,2026,1978,3031,2412,3300,3036,2048,2002
Lactb2,chr1;chr1;chr1;chr1;chr1;chr1;chr1,13625900;13627356;13630065;13638231;13647385;13650721;13660329,13626904;13627437;13630213;13638409;13647511;13650884;13660509,-;-;-;-;-;-;-,1887,396,611,538,423,474,463,438,409,493,471,573,249,557,661,532,521,406,611,588,503,402,610,495,632,464,382,1025,503,525,706
Xkr9,chr1;chr1;chr1;chr1,13668771;13672126;13684056;13700755,13668867;13672764;13684276;13701723,+;+;+;+,1926,8,6,7,16,11,19,6,4,13,7,4,7,3,0,2,1,0,3,10,7,7,2,4,3,3,4,4,0,1,0
Gm5523,chr1,13785685,13786929,-,1245,0,0,1,1,0,0,1,2,2,1,1,2,3,4,0,2,0,3,2,4,3,4,3,4,2,1,12,3,4,1
Eya1,chr1;chr1;chr1;chr1;chr1;chr1;chr1;chr1;chr1;chr1;chr1;chr1;chr1;chr1;chr1;chr1;chr1;chr1;chr1;chr1;chr1;chr1;chr1;chr1;chr1;chr1;chr1;chr1;chr1;chr1;chr1;chr1;chr1;chr1;chr1,14168958;14168958;14179480;14179480;14183157;14183157;14183381;14183381;14184349;14184349;14184626;14184626;14208895;14208895;14229493;14229493;14231413;14231413;14252428;14252428;14253020;14253020;14270705;14270705;14274065;14274065;14274534;14274534;14283121;14283121;14302770;14304425;14304425;14309646;14309646,14170996;14170996;14179580;14179580;14183278;14183278;14183495;14183495;14184509;14184509;14184684;14184684;14208984;14208984;14229576;14229576;14231552;14231552;14252614;14252614;14253102;14253102;14270827;14270842;14274207;14274210;14274603;14274603;14283198;14283198;14302897;14304474;14304474;14310199;14310199,-;-;-;-;-;-;-;-;-;-;-;-;-;-;-;-;-;-;-;-;-;-;-;-;-;-;-;-;-;-;-;-;-;-;-,4345,6,3,1,3,4,2,4,5,3,4,2,3,4,3,1,4,4,14,4,3,3,5,1,0,3,1,0,6,5,1
Msc,chr1;chr1,14753346;14755230,14754325;14755966,-;-,1717,1,0,0,0,0,0,2,0,0,1,0,6,0,1,5,2,1,1,0,0,1,5,0,1,0,2,1,0,1,0
Trpa1,chr1;chr1;chr1;chr1;chr1;chr1;chr1;chr1;chr1;chr1;chr1;chr1;chr1;chr1;chr1;chr1;chr1;chr1;chr1;chr1;chr1;chr1;chr1;chr1;chr1;chr1;chr1,14872648;14874364;14875849;14880199;14881597;14882112;14884110;14885750;14886887;14887595;14889394;14890395;14891305;14893183;14896492;14898009;14898256;14899347;14900065;14901862;14903146;14904147;14904453;14905923;14910730;14912360;14918725,14873728;14874461;14875959;14880267;14881779;14882241;14884279;14885839;14887052;14887665;14889492;14890454;14891398;14893349;14896606;14898173;14898425;14899447;14900164;14901910;14903282;14904292;14904561;14906030;14910905;14912519;14918862,-;-;-;-;-;-;-;-;-;-;-;-;-;-;-;-;-;-;-;-;-;-;-;-;-;-;-,4263,0,0,1,0,0,0,0,0,0,0,0,0,0,0,0,0,1,1,0,0,0,0,1,0,2,0,0,0,0,0
Kcnb2,chr1;chr1,15312452;15709485,15313030;15714214,+;+,5309,0,0,0,0,0,0,0,0,0,0,0,3,0,0,0,0,0,1,2,0,0,0,3,0,1,0,0,1,0,0
Terf1,chr1;chr1;chr1;chr1;chr1;chr1;chr1;chr1;chr1;chr1;chr1;chr1;chr1;chr1;chr1;chr1;chr1;chr1;chr1,15805646;15805646;15807641;15807641;15813041;15813041;15815886;15818934;15818934;15819651;15819651;15831507;15831507;15833401;15833401;15838182;15838182;15842921;15842921,15805957;15805957;15807736;15807736;15813162;15813162;15815972;15819083;15819083;15819763;15819763;15831566;15831566;15833489;15833489;15838288;15838288;15844052;15844052,+;+;+;+;+;+;+;+;+;+;+;+;+;+;+;+;+;+;+,2268,354,349,317,297,271,305,335,257,298,334,262,371,387,363,266,350,284,348,351,272,356,428,298,338,308,284,494,378,434,325
Sbspon,chr1;chr1;chr1;chr1;chr1,15853862;15858889;15860261;15883646;15892439,15855862;15859065;15860351;15883840;15892722,-;-;-;-;-,2748,3,3,3,1,1,1,3,0,2,2,0,2,2,2,8,0,1,2,1,3,7,3,1,1,0,3,3,2,4,2
4930444P10Rik,chr1;chr1;chr1;chr1;chr1;chr1;chr1;chr1;chr1;chr1;chr1,16065979;16065979;16068800;16068800;16078568;16078568;16080830;16080830;16081668;16092974;16092974,16066274;16066274;16068855;16068855;16078700;16078700;16080993;16080993;16082510;16093325;16093325,-;-;-;-;-;-;-;-;-;-;-,1844,0,0,1,2,2,2,5,3,0,1,0,7,2,3,1,1,1,3,2,3,2,3,3,1,1,0,4,4,0,0
Rpl7,chr1;chr1;chr1;chr1;chr1;chr1;chr1,16101296;16101727;16102490;16102692;16103168;16103510;16104365,16101359;16101936;16102599;16102829;16103334;16103684;16104433,-;-;-;-;-;-;-,933,15900,13507,15591,12968,13125,13999,11773,11294,13073,14302,14388,8895,17356,15524,13782,15338,16013,15800,16514,13090,16752,16589,12255,12860,14605,13689,20307,15910,15207,13946
Rdh10,chr1;chr1;chr1;chr1;chr1;chr1,16105882;16107795;16128165;16129196;16131075;16131294,16106306;16108030;16128263;16129341;16131206;16132550,+;+;+;+;+;+,2295,480,549,575,595,500,522,496,342,452,417,463,421,429,444,366,473,455,523,476,404,547,556,376,456,454,415,680,536,463,524
Stau2,chr1;chr1;chr1;chr1;chr1;chr1;chr1;chr1;chr1;chr1;chr1;chr1;chr1;chr1;chr1;chr1;chr1;chr1;chr1;chr1;chr1;chr1;chr1;chr1;chr1;chr1;chr1,16228810;16228810;16231003;16231003;16345704;16345704;16366079;16366079;16369755;16369755;16374674;16374674;16389821;16389821;16392517;16392517;16394051;16394051;16440323;16440323;16463035;16463035;16486020;16509342;16509342;16519173;16519173,16229866;16229866;16231091;16231091;16346011;16346011;16366139;16366139;16369886;16369886;16374811;16374811;16390033;16390033;16392624;16392624;16394210;16394210;16440458;16440458;16463194;16463194;16486150;16509408;16509408;16519302;16519302,-;-;-;-;-;-;-;-;-;-;-;-;-;-;-;-;-;-;-;-;-;-;-;-;-;-;-,2890,173,139,235,216,146,152,80,93,117,133,175,51,177,182,96,163,125,169,82,93,155,169,109,133,149,150,208,181,190,187
Ube2w,chr1;chr1;chr1;chr1;chr1;chr1;chr1;chr1;chr1;chr1;chr1;chr1;chr1;chr1;chr1;chr1;chr1;chr1;chr1;chr1;chr1;chr1;chr1;chr1,16540788;16543949;16568674;16568674;16568674;16581927;16581927;16581927;16581927;16585276;16585276;16585276;16585276;16597951;16597951;16597951;16602262;16602262;16602262;16602262;16619237;16619237;16619237;16619237,16541789;16544032;16571282;16571282;16571282;16582002;16582002;16582002;16582002;16585431;16585352;16585352;16585431;16598053;16598053;16598053;16602353;16602353;16602353;16602353;16619338;16619338;16619338;16619338,-;-;-;-;-;-;-;-;-;-;-;-;-;-;-;-;-;-;-;-;-;-;-;-,4224,740,703,749,686,649,691,618,535,628,544,593,714,706,689,547,613,553,611,760,693,755,765,660,589,604,563,935,615,683,641
Tceb1,chr1;chr1;chr1;chr1,16642765;16645686;16647955;16656822,16643478;16645829;16648007;16656865,-;-;-;-,955,1534,1501,1490,1245,1173,1337,1514,1155,1300,1281,1318,1582,1473,1320,1312,1262,1169,1295,1583,1574,1616,1676,1469,1327,1339,1150,2195,1467,1204,1356
D030040B21Rik,chr1;chr1;chr1;chr1,16657552;16660021;16660555;16662021,16659778;16660228;16660649;16662278,+;+;+;+,2788,3,1,0,3,2,0,5,1,0,0,0,6,0,0,0,0,0,2,0,0,1,1,0,1,1,0,0,0,0,0
Tmem70,chr1;chr1;chr1;chr1;chr1;chr1,16665191;16665191;16667665;16667668;16676968;16676968,16665505;16665505;16667773;16667773;16678275;16678275,+;+;+;+;+;+,1732,490,549,488,375,474,456,452,425,475,517,435,355,589,518,512,551,477,542,609,506,638,574,430,486,443,425,781,617,562,546
Ly96,chr1;chr1;chr1;chr1;chr1;chr1;chr1;chr1;chr1;chr1,16688456;16688456;16691684;16691684;16700795;16700849;16706173;16706173;16709439;16709439,16688619;16688619;16691773;16691773;16700923;16700923;16706225;16706225;16709605;16709605,+;+;+;+;+;+;+;+;+;+,603,91,110,74,52,111,109,115,105,116,122,71,97,168,165,119,144,125,179,113,85,123,112,103,92,75,70,226,153,131,124
Jph1,chr1;chr1;chr1;chr1;chr1,16994940;17003891;17016039;17091298;17097226,16997559;17004534;17016157;17092057;17097889,-;-;-;-;-,4807,26,24,41,31,20,30,42,31,33,35,47,48,40,38,29,42,49,41,32,33,51,30,32,38,29,39,64,38,58,56
Gdap1,chr1;chr1;chr1;chr1;chr1;chr1,17145373;17146936;17156961;17158409;17159924;17161127,17145588;17147128;17157134;17158503;17160038;17164270,+;+;+;+;+;+,3937,0,0,0,1,1,2,2,2,0,0,0,5,0,0,0,2,0,3,2,3,3,1,3,0,1,0,1,0,2,3
Pi15,chr1;chr1;chr1;chr1;chr1;chr1,17601901;17602577;17619783;17621401;17621647;17624835,17602042;17602884;17619901;17621533;17621762;17630939,+;+;+;+;+;+,6923,74,41,189,125,42,89,1201,729,856,1023,757,1117,674,1006,582,1050,839,1173,498,655,574,851,1198,940,896,564,961,1062,1004,1038
Gm16070,chr1;chr1;chr1;chr1;chr1;chr1;chr1,17676027;17696996;17707670;17709686;17712450;17724522;17727099,17677104;17697153;17707726;17709895;17712594;17724589;17727646,-;-;-;-;-;-;-,2264,0,0,1,0,0,0,1,1,0,1,1,1,0,1,0,0,0,0,0,0,0,0,2,0,0,2,0,1,0,0
Crispld1,chr1;chr1;chr1;chr1;chr1;chr1;chr1;chr1;chr1;chr1;chr1;chr1;chr1;chr1;chr1,17727417;17728594;17745354;17745780;17746731;17747501;17749507;17750265;17750434;17750734;17752838;17752968;17756258;17762112;17764063,17727763;17728914;17745472;17745912;17746846;17747601;17749647;17750325;17750500;17750864;17752881;17753040;17756333;17762242;17766207,+;+;+;+;+;+;+;+;+;+;+;+;+;+;+,4006,3,3,4,2,2,1,12,5,3,6,7,26,3,11,4,8,5,7,1,4,6,4,10,6,8,10,3,8,5,4
Crisp4,chr1;chr1;chr1;chr1;chr1;chr1;chr1,18115191;18122738;18124232;18128642;18130159;18134039;18136988,18115756;18122826;18124329;18128790;18130249;18134173;18137051,-;-;-;-;-;-;-,1192,1,0,0,0,0,0,0,0,0,0,1,1,1,0,0,0,0,0,0,0,0,0,0,0,0,0,0,0,0,0
Defb44-ps,chr1;chr1,18210053;18223521,18210230;18223564,-;-,222,0,0,0,0,0,0,0,0,0,0,0,1,0,0,0,0,0,0,0,0,0,0,0,0,0,0,0,0,0,0
Defb18,chr1;chr1,18236473;18237374,18236660;18237443,-;-,258,0,0,0,0,0,0,0,0,0,0,0,0,0,0,0,0,0,0,0,0,0,0,0,0,0,0,0,0,0,0
Defb41,chr1;chr1,18250978;18265026,18251333;18265138,-;-,469,0,0,0,0,0,0,0,0,0,0,1,0,0,0,0,0,0,0,0,0,0,0,1,0,0,0,0,0,0,0
Gm15386,chr1;chr1,18260524;18265026,18260666;18265138,-;-,256,0,0,0,0,0,0,0,0,0,0,0,0,0,0,0,0,0,0,0,0,0,0,0,0,0,0,0,0,0,0
Tfap2d,chr1;chr1;chr1;chr1;chr1;chr1;chr1;chr1,19103022;19104364;19108250;19118830;19119162;19142837;19148304;19165959,19103294;19104861;19108310;19118995;19119280;19142978;19148417;19166332,+;+;+;+;+;+;+;+,1747,0,1,0,0,1,0,0,1,0,0,0,4,0,0,1,0,0,0,0,1,0,0,2,0,0,0,0,0,0,0
Tfap2b,chr1;chr1;chr1;chr1;chr1;chr1;chr1;chr1;chr1;chr1;chr1;chr1;chr1;chr1;chr1;chr1;chr1;chr1;chr1;chr1;chr1;chr1,19208914;19208914;19212054;19213951;19213951;19213951;19219193;19219193;19219193;19226436;19226436;19226436;19228442;19228442;19228442;19231013;19231013;19231013;19234050;19234050;19234050;19236608,19209248;19209248;19212423;19214409;19214409;19214409;19219253;19219253;19219253;19226655;19226655;19226655;19228560;19228560;19228560;19231154;19231154;19231154;19234306;19238845;19238845;19238845,+;+;+;+;+;+;+;+;+;+;+;+;+;+;+;+;+;+;+;+;+;+,6502,380,527,757,398,629,737,215,121,201,70,81,196,226,118,85,175,105,230,252,220,285,116,71,77,62,71,190,78,38,116
Pkhd1,chr1;chr1;chr1;chr1;chr1;chr1;chr1;chr1;chr1;chr1;chr1;chr1;chr1;chr1;chr1;chr1;chr1;chr1;chr1;chr1;chr1;chr1;chr1;chr1;chr1;chr1;chr1;chr1;chr1;chr1;chr1;chr1;chr1;chr1;chr1;chr1;chr1;chr1;chr1;chr1;chr1;chr1;chr1;chr1;chr1;chr1;chr1;chr1;chr1;chr1;chr1;chr1;chr1;chr1;chr1;chr1;chr1;chr1;chr1;chr1;chr1;chr1;chr1;chr1;chr1;chr1;chr1,20057779;20070378;20073457;20081186;20103215;20104542;20116930;20198018;20199342;20200520;20209161;20211837;20220039;20222859;20239301;20275519;20288196;20310525;20312033;20347211;20350413;20358840;20360986;20364119;20373856;20374712;20377375;20381403;20391465;20392012;20414221;20450221;20502942;20508893;20520154;20522664;20533843;20534536;20537273;20540314;20547269;20548091;20549686;20550847;20553469;20555078;20558588;20559421;20562360;20563623;20563801;20565599;20566758;20567448;20569829;20571339;20584060;20585158;20585647;20586824;20588485;20593911;20608319;20612702;20613395;20615269;20617911,20058710;20070500;20073615;20081293;20103302;20104677;20117947;20198175;20199510;20201395;20209313;20211991;20220126;20222972;20239438;20275647;20288261;20310720;20312210;20347457;20350545;20358974;20361091;20364231;20373986;20374768;20377500;20381594;20391622;20392219;20414433;20450377;20503092;20509112;20520297;20524265;20533910;20534731;20537408;20540444;20547544;20548196;20549808;20551031;20553596;20555216;20558763;20559548;20562502;20563713;20563890;20565877;20566872;20567589;20569924;20571440;20584130;20585197;20585711;20586898;20588563;20593968;20608427;20612843;20613472;20615405;20618057,-;-;-;-;-;-;-;-;-;-;-;-;-;-;-;-;-;-;-;-;-;-;-;-;-;-;-;-;-;-;-;-;-;-;-;-;-;-;-;-;-;-;-;-;-;-;-;-;-;-;-;-;-;-;-;-;-;-;-;-;-;-;-;-;-;-;-,12928,10,7,11,16,8,4,14,2,3,5,1,17,2,5,3,2,3,5,6,6,10,6,6,2,5,1,10,1,5,1
4930486I03Rik,chr1;chr1;chr1,20356454;20381095;20391892,20356705;20381219;20392300,+;+;+,786,0,0,0,0,0,0,0,0,0,0,0,0,0,1,0,0,0,0,0,0,0,0,0,0,0,0,0,0,0,0
Linc-md1,chr1;chr1;chr1,20669882;20670950;20682713,20670001;20671104;20682958,+;+;+,521,0,0,0,0,0,0,0,0,0,0,0,0,0,0,0,0,0,0,0,0,0,0,0,0,0,0,0,0,0,0
Mir206,chr1,20679010,20679082,+,73,0,0,0,0,0,0,0,0,0,0,0,0,0,0,0,0,0,0,0,0,0,0,0,0,0,0,0,0,0,0
Mir133b,chr1,20682769,20682887,+,119,0,0,0,0,0,0,0,0,0,0,0,0,0,0,0,0,0,0,0,0,0,0,0,0,0,0,0,0,0,0
Il17a,chr1;chr1;chr1,20730905;20732096;20733622,20730988;20732307;20734496,+;+;+,1171,1,0,1,0,1,4,17,23,1,2,6,11,29,16,3,19,41,92,1,11,2,5,2,4,6,3,34,62,2,1
Il17f,chr1;chr1;chr1,20777146;20779291;20784173,20778004;20779511;20784270,-;-;-,1178,2,2,1,4,5,14,38,28,6,46,22,26,133,70,30,73,118,312,10,13,5,15,27,18,35,16,111,153,13,10
Mcm3,chr1;chr1;chr1;chr1;chr1;chr1;chr1;chr1;chr1;chr1;chr1;chr1;chr1;chr1;chr1;chr1;chr1,20803014;20804817;20805263;20805797;20806742;20808721;20809596;20810058;20811965;20812564;20812961;20814399;20814689;20816649;20817243;20817793;20820131,20803654;20804907;20805339;20805900;20806882;20808871;20809722;20810232;20812173;20812695;20813114;20814507;20814927;20816779;20817451;20817905;20820213,-;-;-;-;-;-;-;-;-;-;-;-;-;-;-;-;-,2886,254,181,179,158,144,199,630,527,582,734,380,575,649,856,436,730,360,695,591,424,385,817,492,697,613,532,872,769,782,528
6720483E21Rik,chr1;chr1;chr1;chr1,20888650;20889476;20889846;20890108,20889139;20889655;20889929;20890473,-;-;-;-,1120,1,0,0,1,0,1,0,0,1,0,1,0,0,1,0,0,0,0,2,0,0,1,0,0,3,1,3,0,0,0
Paqr8,chr1;chr1;chr1,20890622;20932060;20934582,20890686;20932239;20938756,+;+;+,4420,1256,1180,1472,839,1023,872,716,638,774,754,1057,677,912,716,995,944,926,728,996,635,981,1012,818,750,753,760,429,696,803,996
Efhc1,chr1;chr1;chr1;chr1;chr1;chr1;chr1;chr1;chr1;chr1;chr1,20951626;20955335;20960130;20961153;20967324;20972775;20974899;20978643;20979410;20989368;20990617,20951796;20955556;20960417;20961302;20967516;20972995;20975039;20978856;20979557;20989602;20990841,+;+;+;+;+;+;+;+;+;+;+,2208,20,13,15,14,14,18,8,8,5,5,7,8,3,4,9,4,9,1,13,5,10,6,3,9,8,4,5,3,5,2
Tram2,chr1;chr1;chr1;chr1;chr1;chr1;chr1;chr1;chr1;chr1;chr1,21001397;21002970;21003838;21004226;21005567;21006150;21006853;21012793;21013402;21037397;21078994,21001635;21003133;21003981;21004330;21005637;21006234;21006911;21012909;21013511;21037460;21079225,-;-;-;-;-;-;-;-;-;-;-,1390,3,6,5,5,5,7,7,5,4,4,5,4,3,11,4,4,0,2,4,0,4,5,3,5,5,7,4,2,6,3
Tmem14a,chr1;chr1;chr1;chr1;chr1;chr1;chr1;chr1;chr1;chr1,21218575;21218575;21225558;21225558;21225945;21225945;21226592;21226592;21229408;21229591,21218889;21218889;21225643;21225643;21226046;21226046;21226679;21226679;21230167;21230167,+;+;+;+;+;+;+;+;+;+,1351,15,30,21,20,22,35,14,7,14,11,10,11,18,8,10,11,6,22,14,14,12,24,9,9,6,10,10,7,12,9
Gsta3,chr1;chr1;chr1;chr1;chr1;chr1;chr1;chr1;chr1;chr1;chr1;chr1;chr1;chr1;chr1;chr1;chr1;chr1;chr1;chr1;chr1;chr1;chr1,21240585;21240585;21240585;21244938;21249751;21249751;21249751;21254684;21257331;21257331;21257331;21258848;21258848;21258848;21260048;21260048;21260048;21262793;21262793;21262793;21264843;21264843;21264843,21240659;21240659;21240659;21245032;21249858;21249858;21249858;21254823;21257382;21257382;21257382;21258980;21258980;21258980;21260189;21260189;21260189;21262924;21262924;21262924;21265575;21265575;21265575,+;+;+;+;+;+;+;+;+;+;+;+;+;+;+;+;+;+;+;+;+;+;+,1610,25,14,8,11,9,23,1,7,7,3,2,5,2,3,7,3,2,0,7,8,7,1,0,3,6,3,14,7,2,1
Gm4956,chr1;chr1;chr1;chr1;chr1;chr1,21285246;21288142;21291295;21293480;21294926;21298041,21285733;21288273;21291365;21293612;21294977;21298312,-;-;-;-;-;-,1148,1,0,0,0,0,0,2,1,0,0,0,3,0,0,0,1,0,0,1,0,1,1,0,0,0,0,0,0,0,0
Khdc1a,chr1;chr1;chr1,21349677;21350258;21350876,21350119;21350440;21352199,+;+;+,1950,0,0,1,1,0,0,2,0,0,0,0,5,0,0,0,0,0,0,0,1,0,0,1,0,0,0,0,1,0,0
Khdc1c,chr1;chr1;chr1,21368331;21368892;21369510,21368757;21369074;21369743,+;+;+,844,0,0,0,0,0,0,2,0,0,0,0,3,0,0,0,0,0,0,0,0,0,1,0,0,0,0,0,0,0,0
Khdc1b,chr1;chr1;chr1,21383556;21384175;21384802,21384036;21384357;21386384,+;+;+,2247,0,1,0,0,0,0,2,0,0,0,0,4,0,0,1,1,0,0,0,0,0,0,0,0,0,0,0,0,0,0
Kcnq5,chr1;chr1;chr1;chr1;chr1;chr1;chr1;chr1;chr1;chr1;chr1;chr1;chr1;chr1;chr1;chr1;chr1;chr1;chr1;chr1;chr1;chr1;chr1;chr1;chr1;chr1;chr1;chr1;chr1,21398403;21398403;21404932;21404932;21405793;21405793;21424049;21424049;21457404;21457404;21461551;21466383;21466383;21469470;21469470;21479374;21479374;21487223;21487223;21505300;21505300;21505684;21505684;21535061;21535061;21593524;21593524;21961181;21961181,21403125;21403125;21405058;21405058;21405924;21405924;21424157;21424157;21457624;21457624;21461607;21466409;21466409;21469564;21469564;21479469;21479469;21487333;21487333;21505425;21505425;21505859;21505859;21535187;21535187;21593614;21593614;21961942;21961942,-;-;-;-;-;-;-;-;-;-;-;-;-;-;-;-;-;-;-;-;-;-;-;-;-;-;-;-;-,6980,1,1,0,0,2,0,5,1,3,2,2,9,4,1,2,0,0,0,3,5,3,2,2,3,3,1,0,3,0,2
Rims1,chr1;chr1;chr1;chr1;chr1;chr1;chr1;chr1;chr1;chr1;chr1;chr1;chr1;chr1;chr1;chr1;chr1;chr1;chr1;chr1;chr1;chr1;chr1;chr1;chr1;chr1;chr1;chr1;chr1;chr1;chr1;chr1;chr1;chr1;chr1;chr1;chr1;chr1;chr1;chr1;chr1;chr1;chr1;chr1;chr1;chr1;chr1;chr1;chr1;chr1;chr1;chr1;chr1;chr1;chr1;chr1;chr1;chr1;chr1;chr1;chr1;chr1;chr1;chr1;chr1;chr1;chr1;chr1;chr1;chr1;chr1;chr1;chr1;chr1;chr1;chr1;chr1;chr1;chr1;chr1;chr1;chr1;chr1;chr1;chr1;chr1;chr1;chr1;chr1;chr1;chr1;chr1;chr1,22288422;22288422;22288422;22290060;22290060;22290060;22291013;22291013;22291013;22292822;22292822;22292822;22296858;22296858;22296858;22346293;22346293;22346293;22373344;22373344;22373344;22379428;22379428;22379428;22397451;22397451;22397451;22398599;22398599;22404443;22404444;22404444;22412211;22421741;22421741;22421741;22425871;22425871;22425871;22427462;22427462;22427462;22428465;22428465;22428465;22432772;22432772;22432772;22468191;22468191;22468191;22472725;22472725;22472725;22475688;22475688;22475688;22479435;22479435;22479435;22483154;22483154;22483154;22484642;22484642;22484642;22486588;22486588;22486588;22533399;22533399;22533399;22534006;22534006;22534006;22538286;22538286;22538286;22594093;22594093;22594093;22596371;22596371;22596371;22630412;22630412;22630412;22726930;22726930;22726930;22805561;22805561;22805561,22288640;22288640;22288640;22290199;22290199;22290199;22291114;22291114;22291114;22292934;22292934;22292934;22296996;22296996;22296996;22346528;22346528;22346528;22373510;22373510;22373510;22379540;22379540;22379540;22397562;22397563;22397563;22398781;22398781;22404515;22404515;22404515;22412294;22421830;22421830;22421830;22425933;22425933;22425933;22427587;22427587;22427587;22428621;22428621;22428621;22432843;22432843;22432843;22468321;22468321;22468321;22472837;22472837;22472837;22475734;22475734;22475734;22479558;22479558;22479558;22483253;22483253;22483253;22484752;22484752;22484752;22486652;22486652;22486652;22533471;22533471;22533471;22534240;22534240;22534240;22538623;22538623;22538623;22594104;22594104;22594104;22596584;22596584;22596584;22630480;22630480;22630480;22727010;22727010;22727010;22805724;22805724;22805724,-;-;-;-;-;-;-;-;-;-;-;-;-;-;-;-;-;-;-;-;-;-;-;-;-;-;-;-;-;-;-;-;-;-;-;-;-;-;-;-;-;-;-;-;-;-;-;-;-;-;-;-;-;-;-;-;-;-;-;-;-;-;-;-;-;-;-;-;-;-;-;-;-;-;-;-;-;-;-;-;-;-;-;-;-;-;-;-;-;-;-;-;-,4067,1,0,0,2,3,2,1,0,1,0,0,4,0,1,1,1,0,0,2,2,1,1,2,0,1,0,1,1,0,1
4933415F23Rik,chr1,23100474,23102253,-,1780,0,0,0,0,0,0,0,0,0,0,0,0,0,1,1,0,0,0,0,0,0,0,0,1,0,0,1,0,0,0
Mir30a,chr1,23272269,23272339,+,71,0,0,0,0,0,0,0,0,0,0,0,1,0,0,0,0,0,0,0,0,0,0,0,0,0,0,0,0,0,0
Mir30c-2,chr1,23291701,23291784,+,84,0,1,0,2,0,1,0,0,0,0,0,0,0,1,1,0,0,0,1,0,0,1,0,0,0,0,0,0,0,0
Ogfrl1,chr1;chr1;chr1;chr1;chr1;chr1;chr1,23366424;23375730;23375988;23376171;23378726;23378972;23382815,23370448;23375875;23376054;23376249;23378804;23379058;23383175,-;-;-;-;-;-;-,4844,564,769,749,589,672,792,300,228,244,262,225,190,400,233,310,294,243,298,303,303,420,289,214,191,248,330,331,217,317,223
B3gat2,chr1;chr1;chr1;chr1,23761926;23815221;23844873;23845101,23763228;23815365;23845021;23847858,+;+;+;+,4355,28,34,41,52,29,39,25,27,25,52,44,32,34,34,50,37,28,57,19,12,24,32,34,36,34,29,53,17,48,40
Smap1,chr1;chr1;chr1;chr1;chr1;chr1;chr1;chr1;chr1;chr1;chr1;chr1;chr1;chr1;chr1;chr1;chr1;chr1;chr1;chr1;chr1;chr1;chr1;chr1;chr1;chr1;chr1;chr1;chr1;chr1;chr1,23844825;23845625;23845625;23846352;23848264;23848264;23848264;23849303;23849303;23849303;23853423;23853423;23853423;23859023;23859023;23859023;23866217;23866217;23866217;23876374;23876374;23876374;23877709;23877709;23877709;23891860;23891860;23891860;23909663;23909663;23922038,23845357;23846563;23846563;23846563;23848571;23848571;23848571;23849468;23849468;23849468;23853550;23853550;23853550;23859113;23859113;23859113;23866293;23866297;23866297;23876449;23876449;23876449;23877794;23877794;23877794;23891993;23891993;23891993;23909736;23909736;23922381,-;-;-;-;-;-;-;-;-;-;-;-;-;-;-;-;-;-;-;-;-;-;-;-;-;-;-;-;-;-;-,2960,1373,1138,1463,1152,994,1176,1575,1172,1503,1508,1667,1923,1767,1930,1691,1749,1662,1740,1469,1401,1672,1662,2171,1493,1588,1593,2112,1425,1583,1884
Sdhaf4,chr1;chr1;chr1,23995939;24003157;24005546,23996360;24003306;24005640,-;-;-,667,123,97,115,92,108,116,132,107,99,78,80,146,130,123,103,119,75,152,126,138,153,151,108,102,114,106,248,144,107,102
